Ticker,Bucket #,Bucket Start Time,Bucket Start Time Formatted,Bucket Price,Bucket Size,Number Trades,Total Volume,Buy Volume,Sell Volume,StDev,VPIN Roll Forward50
ESM10,0,9000,2010-05-04 02:30:00,168758.25,31106,10726,31106,16216,14890,1409047.342936601,
ESM10,1,12600,2010-05-04 03:30:00,425473.75,31106,11371,31106,16403,14703,1409047.342936601,
ESM10,2,14820,2010-05-04 04:07:00,1082254.5,31106,11955,31106,16719,14387,1409047.342936601,
ESM10,3,17040,2010-05-04 04:44:00,193097.25,31106,9990,31106,16368,14738,1409047.342936601,
ESM10,4,21240,2010-05-04 05:54:00,-134951.75,31106,8826,31106,15963,15143,1409047.342936601,
ESM10,5,24060,2010-05-04 06:41:00,330523.75,31106,8585,31106,16237,14869,1409047.342936601,
ESM10,6,24540,2010-05-04 06:49:00,-44275.5,31106,6469,31106,16775,14331,1409047.342936601,
ESM10,7,25860,2010-05-04 07:11:00,-110234.25,31106,7601,31106,15524,15582,1409047.342936601,
ESM10,8,27360,2010-05-04 07:36:00,323848.25,31106,7567,31106,16373,14733,1409047.342936601,
ESM10,9,28500,2010-05-04 07:55:00,1372723.5,31106,7874,31106,18317,12789,1409047.342936601,
ESM10,10,28980,2010-05-04 08:03:00,348083.5,31106,7534,31106,16066,15040,1409047.342936601,
ESM10,11,29640,2010-05-04 08:14:00,180678.5,31106,5712,31106,16782,14324,1409047.342936601,
ESM10,12,30420,2010-05-04 08:27:00,-16768.0,31106,6792,31106,15288,15818,1409047.342936601,
ESM10,13,30600,2010-05-04 08:30:00,5595831.0,31106,7267,31106,27153,3953,1409047.342936601,
ESM10,14,30720,2010-05-04 08:32:00,2716851.25,31106,11619,31106,11148,19958,1409047.342936601,
ESM10,15,30840,2010-05-04 08:34:00,-750554.25,31106,9299,31106,14633,16473,1409047.342936601,
ESM10,16,30960,2010-05-04 08:36:00,373435.25,31106,9179,31106,16585,14521,1409047.342936601,
ESM10,17,31020,2010-05-04 08:37:00,1687064.75,31106,8041,31106,23294,7812,1409047.342936601,
ESM10,18,31080,2010-05-04 08:38:00,1736083.0,31106,9517,31106,21957,9149,1409047.342936601,
ESM10,19,31200,2010-05-04 08:40:00,-592556.75,31106,12378,31106,12426,18680,1409047.342936601,
ESM10,20,31320,2010-05-04 08:42:00,-1110023.25,31106,10102,31106,12602,18504,1409047.342936601,
ESM10,21,31440,2010-05-04 08:44:00,645444.25,31106,8472,31106,20372,10734,1409047.342936601,
ESM10,22,31560,2010-05-04 08:46:00,641914.75,31106,9346,31106,12011,19095,1409047.342936601,
ESM10,23,31740,2010-05-04 08:49:00,-322508.5,31106,8822,31106,14675,16431,1409047.342936601,
ESM10,24,31920,2010-05-04 08:52:00,179377.25,31106,8000,31106,15728,15378,1409047.342936601,
ESM10,25,32160,2010-05-04 08:56:00,-324315.0,31106,7808,31106,15680,15426,1409047.342936601,
ESM10,26,32340,2010-05-04 08:59:00,201835.0,31106,6771,31106,18054,13052,1409047.342936601,
ESM10,27,32520,2010-05-04 09:02:00,301551.0,31106,7457,31106,18176,12930,1409047.342936601,
ESM10,28,32640,2010-05-04 09:04:00,2099349.25,31106,6317,31106,21900,9206,1409047.342936601,
ESM10,29,32820,2010-05-04 09:07:00,-348074.0,31106,8992,31106,13440,17666,1409047.342936601,
ESM10,30,32940,2010-05-04 09:09:00,2147200.75,31106,7228,31106,23401,7705,1409047.342936601,
ESM10,31,33120,2010-05-04 09:12:00,-1008796.5,31106,9582,31106,16763,14343,1409047.342936601,
ESM10,32,33240,2010-05-04 09:14:00,-1232439.5,31106,5790,31106,12362,18744,1409047.342936601,
ESM10,33,33480,2010-05-04 09:18:00,-587902.25,31106,9309,31106,16162,14944,1409047.342936601,
ESM10,34,33660,2010-05-04 09:21:00,-2592.75,31106,7962,31106,19080,12026,1409047.342936601,
ESM10,35,33900,2010-05-04 09:25:00,-595776.75,31106,9344,31106,12044,19062,1409047.342936601,
ESM10,36,34140,2010-05-04 09:29:00,811097.0,31106,8695,31106,18345,12761,1409047.342936601,
ESM10,37,34320,2010-05-04 09:32:00,-315559.25,31106,6840,31106,14975,16131,1409047.342936601,
ESM10,38,34440,2010-05-04 09:34:00,5523305.0,31106,9437,31106,26481,4625,1409047.342936601,
ESM10,39,34500,2010-05-04 09:35:00,3969559.25,31106,11201,31106,20221,10885,1409047.342936601,
ESM10,40,34620,2010-05-04 09:37:00,-2551421.25,31106,11917,31106,6557,24549,1409047.342936601,
ESM10,41,34680,2010-05-04 09:38:00,1921033.75,31106,8161,31106,23281,7825,1409047.342936601,
ESM10,42,34800,2010-05-04 09:40:00,-1112017.0,31106,9684,31106,12883,18223,1409047.342936601,
ESM10,43,34920,2010-05-04 09:42:00,106274.25,31106,7497,31106,15081,16025,1409047.342936601,
ESM10,44,35040,2010-05-04 09:44:00,-839040.0,31106,7038,31106,16962,14144,1409047.342936601,
ESM10,45,35280,2010-05-04 09:48:00,-2408020.5,31106,6487,31106,14578,16528,1409047.342936601,
ESM10,46,35520,2010-05-04 09:52:00,1021572.0,31106,6552,31106,17302,13804,1409047.342936601,
ESM10,47,35760,2010-05-04 09:56:00,2762761.0,31106,9207,31106,18778,12328,1409047.342936601,
ESM10,48,35820,2010-05-04 09:57:00,2246211.5,31106,6890,31106,22839,8267,1409047.342936601,
ESM10,49,35940,2010-05-04 09:59:00,-1555871.5,31106,9127,31106,13607,17499,1409047.342936601,
ESM10,50,36120,2010-05-04 10:02:00,-900593.5,31106,8840,31106,12873,18233,1409047.342936601,0.190382562849611
ESM10,51,36180,2010-05-04 10:03:00,2003456.75,31106,5927,31106,22628,8478,1409047.342936601,0.19297627467369638
ESM10,52,36300,2010-05-04 10:05:00,2472654.5,31106,10201,31106,18738,12368,1409047.342936601,0.20098116119076706
ESM10,53,36360,2010-05-04 10:06:00,2048992.0,31106,8819,31106,18375,12731,1409047.342936601,0.20357744486594226
ESM10,54,36480,2010-05-04 10:08:00,-3790323.75,31106,8282,31106,5632,25474,1409047.342936601,0.20615829743457853
ESM10,55,36780,2010-05-04 10:13:00,-1623223.75,31106,7741,31106,14692,16414,1409047.342936601,0.21838873529222658
ESM10,56,36960,2010-05-04 10:16:00,1972345.75,31106,6970,31106,20903,10203,1409047.342936601,0.21861634411367581
ESM10,57,37200,2010-05-04 10:20:00,470515.5,31106,8101,31106,18706,12400,1409047.342936601,0.22392464476306823
ESM10,58,37500,2010-05-04 10:25:00,-382937.5,31106,7345,31106,15349,15757,1409047.342936601,0.22794187616537004
ESM10,59,37740,2010-05-04 10:29:00,978246.0,31106,6592,31106,18214,12892,1409047.342936601,0.22714974602970489
ESM10,60,38040,2010-05-04 10:34:00,-89652.5,31106,8383,31106,17536,13570,1409047.342936601,0.22701729569857906
ESM10,61,38340,2010-05-04 10:39:00,151124.0,31106,6728,31106,16921,14185,1409047.342936601,0.22890760624959816
ESM10,62,38640,2010-05-04 10:44:00,359628.25,31106,7294,31106,17158,13948,1409047.342936601,0.22908634990034077
ESM10,63,39180,2010-05-04 10:53:00,519663.25,31106,8524,31106,17160,13946,1409047.342936601,0.23080949013052143
ESM10,64,39840,2010-05-04 11:04:00,-561071.5,31106,6856,31106,16212,14894,1409047.342936601,0.21795923616022633
ESM10,65,40200,2010-05-04 11:10:00,1287877.0,31106,6945,31106,18870,12236,1409047.342936601,0.21314215906898989
ESM10,66,40560,2010-05-04 11:16:00,71321.0,31106,7736,31106,15305,15801,1409047.342936601,0.21622452260014144
ESM10,67,40860,2010-05-04 11:21:00,423271.75,31106,6721,31106,18638,12468,1409047.342936601,0.21521635697293126
ESM10,68,41040,2010-05-04 11:24:00,-404800.75,31106,8663,31106,25118,5988,1409047.342936601,0.20922908763582587
ESM10,69,41220,2010-05-04 11:27:00,-2814369.0,31106,6570,31106,14261,16845,1409047.342936601,0.2132938982832894
ESM10,70,41520,2010-05-04 11:32:00,-845132.25,31106,7327,31106,15542,15564,1409047.342936601,0.21093422490837779
ESM10,71,42060,2010-05-04 11:41:00,-820913.5,31106,7704,31106,15828,15278,1409047.342936601,0.20715360380633963
ESM10,72,42480,2010-05-04 11:48:00,267556.25,31106,7321,31106,19680,11426,1409047.342936601,0.20131035813026427
ESM10,73,42720,2010-05-04 11:52:00,-977208.0,31106,6214,31106,17874,13232,1409047.342936601,0.20206262457403718
ESM10,74,43260,2010-05-04 12:01:00,-161798.25,31106,6321,31106,16835,14271,1409047.342936601,0.20391821513534367
ESM10,75,43860,2010-05-04 12:11:00,320986.25,31106,7620,31106,16869,14237,1409047.342936601,0.2053417347135601
ESM10,76,44400,2010-05-04 12:20:00,359103.5,31106,7333,31106,16994,14112,1409047.342936601,0.2068707001864592
ESM10,77,44820,2010-05-04 12:27:00,1317817.5,31106,7548,31106,17963,13143,1409047.342936601,0.2055076191088536
ESM10,78,45300,2010-05-04 12:35:00,228403.0,31106,9120,31106,16159,14947,1409047.342936601,0.20523371696778756
ESM10,79,45780,2010-05-04 12:43:00,193721.75,31106,7904,31106,17610,13496,1409047.342936601,0.1978512184144538
ESM10,80,46140,2010-05-04 12:49:00,1396021.0,31106,6975,31106,17592,13514,1409047.342936601,0.1977792065839388
ESM10,81,46800,2010-05-04 13:00:00,-1278580.0,31106,8456,31106,15384,15722,1409047.342936601,0.19030926509355109
ESM10,82,47460,2010-05-04 13:11:00,14098.5,31106,7286,31106,17298,13808,1409047.342936601,0.1889706166012988
ESM10,83,48000,2010-05-04 13:20:00,1673664.25,31106,8929,31106,18472,12634,1409047.342936601,0.18711116826335755
ESM10,84,48420,2010-05-04 13:27:00,-1468542.5,31106,7237,31106,14495,16611,1409047.342936601,0.19008165627210186
ESM10,85,48780,2010-05-04 13:33:00,-143817.0,31106,7509,31106,16986,14120,1409047.342936601,0.18690670610171672
ESM10,86,49260,2010-05-04 13:41:00,225044.0,31106,9125,31106,16151,14955,1409047.342936601,0.18423712467048159
ESM10,87,49740,2010-05-04 13:49:00,322095.5,31106,7097,31106,16144,14962,1409047.342936601,0.18141580402494695
ESM10,88,50100,2010-05-04 13:55:00,725200.75,31106,7081,31106,19354,11752,1409047.342936601,0.18143252105703081
ESM10,89,50460,2010-05-04 14:01:00,-193938.0,31106,6489,31106,17098,14008,1409047.342936601,0.17226772969845047
ESM10,90,50640,2010-05-04 14:04:00,1382892.25,31106,8378,31106,23248,7858,1409047.342936601,0.16825178422169357
ESM10,91,50880,2010-05-04 14:08:00,-2185035.75,31106,7514,31106,12632,18474,1409047.342936601,0.16657879508776441
ESM10,92,51300,2010-05-04 14:15:00,142565.75,31106,7217,31106,17855,13251,1409047.342936601,0.16039735099337749
ESM10,93,51600,2010-05-04 14:20:00,809692.0,31106,7750,31106,20514,10592,1409047.342936601,0.15992413039285025
ESM10,94,51960,2010-05-04 14:26:00,-1686242.75,31106,6700,31106,13902,17204,1409047.342936601,0.16569665016395552
ESM10,95,52260,2010-05-04 14:31:00,-221351.0,31106,5612,31106,16414,14692,1409047.342936601,0.16600784414582395
ESM10,96,52560,2010-05-04 14:36:00,622384.75,31106,6813,31106,17843,13263,1409047.342936601,0.16586124863370411
ESM10,97,52800,2010-05-04 14:40:00,1119576.0,31106,7256,31106,19754,11352,1409047.342936601,0.16655693435350094
ESM10,98,52860,2010-05-04 14:41:00,3887651.5,31106,6742,31106,28177,2929,1409047.342936601,0.16781199768533403
ESM10,99,53040,2010-05-04 14:44:00,-806975.75,31106,9263,31106,10714,20392,1409047.342936601,0.17467626824406868
ESM10,100,53280,2010-05-04 14:48:00,400191.75,31106,7679,31106,19769,11337,1409047.342936601,0.17839645084549605
ESM10,101,53460,2010-05-04 14:51:00,2899248.0,31106,7240,31106,19857,11249,1409047.342936601,0.18037163248247925
ESM10,102,53520,2010-05-04 14:52:00,1289267.0,31106,5421,31106,19275,11831,1409047.342936601,0.17680833279753103
ESM10,103,53640,2010-05-04 14:54:00,-1327017.25,31106,5951,31106,13247,17859,1409047.342936601,0.1774988748151482
ESM10,104,53820,2010-05-04 14:57:00,1063680.75,31106,7924,31106,15136,15970,1409047.342936601,0.17683533723397415
ESM10,105,53880,2010-05-04 14:58:00,235026.75,31106,4337,31106,18806,12300,1409047.342936601,0.16461390085514049
ESM10,106,53940,2010-05-04 14:59:00,1300599.75,31106,5449,31106,23795,7311,1409047.342936601,0.16768983475856747
ESM10,107,54000,2010-05-04 15:00:00,876929.25,31106,6196,31106,26437,4669,1409047.342936601,0.17140873143444996
ESM10,108,54060,2010-05-04 15:01:00,-3366711.5,31106,3318,31106,4587,26519,1409047.342936601,0.18135022182215649
ESM10,109,54180,2010-05-04 15:03:00,-1537660.5,31106,4109,31106,18413,12693,1409047.342936601,0.19518935253648814
ESM10,110,54360,2010-05-04 15:06:00,-840636.5,31106,4705,31106,15096,16010,1409047.342936601,0.19544525171992541
ESM10,111,54660,2010-05-04 15:11:00,-563881.5,31106,4518,31106,15478,15628,1409047.342936601,0.19348292933839131
ESM10,112,54840,2010-05-04 15:14:00,730086.0,31106,2925,31106,18044,13062,1409047.342936601,0.19182022760882145
ESM10,113,65040,2010-05-04 18:04:00,-666499.25,31106,5775,31106,17470,13636,1409047.342936601,0.19295955764161254
ESM10,114,4620,2010-05-05 01:17:00,-26825.25,31106,9511,31106,15646,15460,1409047.342936601,0.19335819456053494
ESM10,115,8100,2010-05-05 02:15:00,893627.0,31106,10042,31106,16379,14727,1409047.342936601,0.19263036070211534
ESM10,116,9540,2010-05-05 02:39:00,135123.25,31106,11892,31106,15842,15264,1409047.342936601,0.18942712016974217
ESM10,117,11400,2010-05-05 03:10:00,-117776.0,31106,11432,31106,16458,14648,1409047.342936601,0.18947984311708352
ESM10,118,13680,2010-05-05 03:48:00,22754.0,31106,11710,31106,16679,14427,1409047.342936601,0.18667652542917765
ESM10,119,17100,2010-05-05 04:45:00,-356736.75,31106,9961,31106,16035,15071,1409047.342936601,0.17582459975567416
ESM10,120,20340,2010-05-05 05:39:00,224618.5,31106,9506,31106,15961,15145,1409047.342936601,0.17478300006429628
ESM10,121,23040,2010-05-05 06:24:00,45478.5,31106,9538,31106,16124,14982,1409047.342936601,0.17529351250562591
ESM10,122,24960,2010-05-05 06:56:00,567270.75,31106,9927,31106,16593,14513,1409047.342936601,0.17567414646691956
ESM10,123,26040,2010-05-05 07:14:00,331711.25,31106,8850,31106,17196,13910,1409047.342936601,0.17170449430977947
ESM10,124,26760,2010-05-05 07:26:00,583336.75,31106,9270,31106,17601,13505,1409047.342936601,0.17083263679032984
ESM10,125,27360,2010-05-05 07:36:00,64413.5,31106,8139,31106,15832,15274,1409047.342936601,0.17181765575773164
ESM10,126,28080,2010-05-05 07:48:00,-878746.0,31106,8365,31106,16483,14623,1409047.342936601,0.17048415096765898
ESM10,127,28740,2010-05-05 07:59:00,1213599.5,31106,7393,31106,18937,12169,1409047.342936601,0.16982704301420948
ESM10,128,29040,2010-05-05 08:04:00,-697871.25,31106,8853,31106,15803,15303,1409047.342936601,0.17107953449495275
ESM10,129,29520,2010-05-05 08:12:00,-188546.25,31106,8536,31106,16216,14890,1409047.342936601,0.17062174500096444
ESM10,130,30060,2010-05-05 08:21:00,-563985.25,31106,9820,31106,18717,12389,1409047.342936601,0.16882916479135859
ESM10,131,30600,2010-05-05 08:30:00,4722553.25,31106,11952,31106,21965,9141,1409047.342936601,0.1702758310293834
ESM10,132,30660,2010-05-05 08:31:00,2211803.75,31106,8787,31106,24732,6374,1409047.342936601,0.17830386420626246
ESM10,133,30780,2010-05-05 08:33:00,-1257239.0,31106,10495,31106,11053,20053,1409047.342936601,0.18786343470713046
ESM10,134,30900,2010-05-05 08:35:00,861533.5,31106,9898,31106,17455,13651,1409047.342936601,0.18989648299363468
ESM10,135,31020,2010-05-05 08:37:00,-44034.5,31106,10950,31106,19854,11252,1409047.342936601,0.19098180415353952
ESM10,136,31140,2010-05-05 08:39:00,459507.75,31106,11965,31106,22610,8496,1409047.342936601,0.19466983861634413
ESM10,137,31200,2010-05-05 08:40:00,-304312.5,31106,8957,31106,15524,15582,1409047.342936601,0.20297563171092395
ESM10,138,31380,2010-05-05 08:43:00,-2870188.75,31106,11419,31106,9996,21110,1409047.342936601,0.20225294155468398
ESM10,139,31500,2010-05-05 08:45:00,103782.5,31106,8134,31106,16398,14708,1409047.342936601,0.20451102681154762
ESM10,140,31740,2010-05-05 08:49:00,-436287.5,31106,10505,31106,15756,15350,1409047.342936601,0.20361087893010996
ESM10,141,31920,2010-05-05 08:52:00,1992422.25,31106,9441,31106,18852,12254,1409047.342936601,0.19397672474763711
ESM10,142,32040,2010-05-05 08:54:00,4229159.5,31106,10221,31106,22188,8918,1409047.342936601,0.19446280460361345
ESM10,143,32160,2010-05-05 08:56:00,1162443.5,31106,10758,31106,14800,16306,1409047.342936601,0.20003471998971259
ESM10,144,32280,2010-05-05 08:58:00,886914.25,31106,9369,31106,16159,14947,1409047.342936601,0.19462354529672732
ESM10,145,32460,2010-05-05 09:01:00,-579537.25,31106,11297,31106,12442,18664,1409047.342936601,0.19327975310229537
ESM10,146,32580,2010-05-05 09:03:00,1048244.0,31106,7447,31106,21386,9720,1409047.342936601,0.19617308557834501
ESM10,147,32820,2010-05-05 09:07:00,-258709.0,31106,11064,31106,10043,21063,1409047.342936601,0.20072911978396452
ESM10,148,32940,2010-05-05 09:09:00,1325629.0,31106,7030,31106,20276,10830,1409047.342936601,0.20241239632225294
ESM10,149,33120,2010-05-05 09:12:00,-486079.25,31106,9347,31106,14091,17015,1409047.342936601,0.19225229859191154
ESM10,150,33300,2010-05-05 09:15:00,326390.0,31106,8274,31106,18655,12451,1409047.342936601,0.18790972802674724
ESM10,151,33420,2010-05-05 09:17:00,3605643.0,31106,8911,31106,23859,7247,1409047.342936601,0.18647720696971645
ESM10,152,33540,2010-05-05 09:19:00,1694102.0,31106,11304,31106,9755,21351,1409047.342936601,0.19162348100045007
ESM10,153,33780,2010-05-05 09:23:00,-1139441.5,31106,10105,31106,15192,15914,1409047.342936601,0.1942930624316852
ESM10,154,34020,2010-05-05 09:27:00,264946.75,31106,8340,31106,18389,12717,1409047.342936601,0.19179193724683341
ESM10,155,34320,2010-05-05 09:32:00,-1257804.75,31106,8848,31106,15586,15520,1409047.342936601,0.19490259113997299
ESM10,156,34560,2010-05-05 09:36:00,-667139.0,31106,6857,31106,14662,16444,1409047.342936601,0.19076191088535974
ESM10,157,34920,2010-05-05 09:42:00,2043125.25,31106,9948,31106,19427,11679,1409047.342936601,0.18130907220471934
ESM10,158,35100,2010-05-05 09:45:00,-36.25,31106,8260,31106,17115,13991,1409047.342936601,0.1722947341348936
ESM10,159,35220,2010-05-05 09:47:00,458146.5,31106,6979,31106,19629,11477,1409047.342936601,0.16020189031055102
ESM10,160,35400,2010-05-05 09:50:00,-897651.25,31106,7747,31106,13603,17503,1409047.342936601,0.16176557577316272
ESM10,161,35700,2010-05-05 09:55:00,-358910.75,31106,7759,31106,15547,15559,1409047.342936601,0.16368546261171479
ESM10,162,36060,2010-05-05 10:01:00,219943.75,31106,7363,31106,21089,10017,1409047.342936601,0.16359673374911593
ESM10,163,36240,2010-05-05 10:04:00,1456325.25,31106,8206,31106,17465,13641,1409047.342936601,0.16751237703336977
ESM10,164,36480,2010-05-05 10:08:00,-645734.25,31106,9335,31106,20290,10816,1409047.342936601,0.1675059474056452
ESM10,165,36780,2010-05-05 10:13:00,-2206382.75,31106,6621,31106,11236,19870,1409047.342936601,0.17347778563621166
ESM10,166,37200,2010-05-05 10:20:00,1340112.0,31106,8499,31106,16941,14165,1409047.342936601,0.1779669517134958
ESM10,167,37620,2010-05-05 10:27:00,367490.0,31106,8213,31106,16733,14373,1409047.342936601,0.17938018388735291
ESM10,168,38220,2010-05-05 10:37:00,-537999.25,31106,8557,31106,15918,15188,1409047.342936601,0.17973381341220343
ESM10,169,38820,2010-05-05 10:47:00,683239.25,31106,7658,31106,16386,14720,1409047.342936601,0.1787552240725262
ESM10,170,39000,2010-05-05 10:50:00,929521.75,31106,6183,31106,20010,11096,1409047.342936601,0.17920658393878994
ESM10,171,39420,2010-05-05 10:57:00,-1609437.0,31106,6719,31106,17152,13954,1409047.342936601,0.18441329647013438
ESM10,172,39720,2010-05-05 11:02:00,127607.5,31106,6802,31106,16879,14227,1409047.342936601,0.18573522793030284
ESM10,173,39960,2010-05-05 11:06:00,69711.25,31106,6062,31106,17248,13858,1409047.342936601,0.18610300263614737
ESM10,174,40620,2010-05-05 11:17:00,-910957.5,31106,8374,31106,16185,14921,1409047.342936601,0.18616987076448274
ESM10,175,41040,2010-05-05 11:24:00,1515380.0,31106,7448,31106,18503,12603,1409047.342936601,0.18434900019288883
ESM10,176,41880,2010-05-05 11:38:00,-1687203.25,31106,9708,31106,16843,14263,1409047.342936601,0.18778370732334598
ESM10,177,42180,2010-05-05 11:43:00,439950.75,31106,7194,31106,18453,12653,1409047.342936601,0.18824664051951392
ESM10,178,42840,2010-05-05 11:54:00,320172.25,31106,8129,31106,16851,14255,1409047.342936601,0.18762425255577703
ESM10,179,43620,2010-05-05 12:07:00,530548.75,31106,9172,31106,16956,14150,1409047.342936601,0.1889719025268437
ESM10,180,44580,2010-05-05 12:23:00,112618.5,31106,8932,31106,17500,13606,1409047.342936601,0.18992348743007781
ESM10,181,45420,2010-05-05 12:37:00,-252193.0,31106,8560,31106,16538,14568,1409047.342936601,0.18835851604192116
ESM10,182,46080,2010-05-05 12:48:00,-79087.25,31106,8238,31106,16209,14897,1409047.342936601,0.18137979810968946
ESM10,183,46800,2010-05-05 13:00:00,331108.25,31106,9177,31106,18357,12749,1409047.342936601,0.17041985469041343
ESM10,184,47160,2010-05-05 13:06:00,118812.75,31106,7973,31106,16122,14984,1409047.342936601,0.16823892496624446
ESM10,185,47760,2010-05-05 13:16:00,-162931.75,31106,8419,31106,19532,11574,1409047.342936601,0.16652478621487815
ESM10,186,48180,2010-05-05 13:23:00,-1743049.0,31106,6260,31106,14392,16714,1409047.342936601,0.16611071818941683
ESM10,187,48540,2010-05-05 13:29:00,23418.25,31106,6379,31106,17333,13773,1409047.342936601,0.15852890117662188
ESM10,188,48840,2010-05-05 13:34:00,657447.75,31106,7444,31106,18885,12221,1409047.342936601,0.16078055680576095
ESM10,189,49140,2010-05-05 13:39:00,1015485.0,31106,8127,31106,19254,11852,1409047.342936601,0.1579193724683341
ESM10,190,49260,2010-05-05 13:41:00,-343278.5,31106,5719,31106,15479,15627,1409047.342936601,0.16159197582459975
ESM10,191,49560,2010-05-05 13:46:00,1052610.5,31106,10042,31106,18892,12214,1409047.342936601,0.16142609142930625
ESM10,192,49740,2010-05-05 13:49:00,-284080.5,31106,7142,31106,17232,13874,1409047.342936601,0.16147752845110269
ESM10,193,49920,2010-05-05 13:52:00,746218.75,31106,7886,31106,19673,11433,1409047.342936601,0.15510448145052402
ESM10,194,50160,2010-05-05 13:56:00,-763120.25,31106,6964,31106,14193,16913,1409047.342936601,0.15943419276023918
ESM10,195,50400,2010-05-05 14:00:00,141890.75,31106,8008,31106,17073,14033,1409047.342936601,0.16040378062110203
ESM10,196,50880,2010-05-05 14:08:00,377429.25,31106,8983,31106,16534,14572,1409047.342936601,0.15835787307914873
ESM10,197,51240,2010-05-05 14:14:00,213389.5,31106,6585,31106,17839,13267,1409047.342936601,0.15211856233524079
ESM10,198,51720,2010-05-05 14:22:00,664457.75,31106,8278,31106,16686,14420,1409047.342936601,0.14797273837844788
ESM10,199,52020,2010-05-05 14:27:00,1220560.75,31106,7864,31106,17409,13697,1409047.342936601,0.14335626567221757
ESM10,200,52440,2010-05-05 14:34:00,2082300.5,31106,8341,31106,18921,12185,1409047.342936601,0.1438629203369125
ESM10,201,52680,2010-05-05 14:38:00,1752230.75,31106,8411,31106,17963,13143,1409047.342936601,0.14420497653185879
ESM10,202,52980,2010-05-05 14:43:00,282465.0,31106,7742,31106,18194,12912,1409047.342936601,0.13662315951906384
ESM10,203,53340,2010-05-05 14:49:00,-515339.25,31106,6570,31106,15556,15550,1409047.342936601,0.13256349257377997
ESM10,204,53580,2010-05-05 14:53:00,134936.75,31106,5868,31106,16059,15047,1409047.342936601,0.13210313122870185
ESM10,205,53760,2010-05-05 14:56:00,39491.75,31106,5311,31106,20719,10387,1409047.342936601,0.12910692470905935
ESM10,206,53940,2010-05-05 14:59:00,2232500.5,31106,7480,31106,13717,17389,1409047.342936601,0.13570758053108725
ESM10,207,53940,2010-05-05 14:59:00,3223507.25,31106,4000,31106,30761,345,1409047.342936601,0.1369227801710281
ESM10,208,54000,2010-05-05 15:00:00,807617.75,31106,5923,31106,9286,21820,1409047.342936601,0.1514974602970488
ESM10,209,54240,2010-05-05 15:04:00,-3967820.25,31106,4947,31106,12635,18471,1409047.342936601,0.15754773998585481
ESM10,210,54720,2010-05-05 15:12:00,-905960.75,31106,3278,31106,14877,16229,1409047.342936601,0.15605863820484794
ESM10,211,64560,2010-05-05 17:56:00,-238438.5,31106,3686,31106,16321,14785,1409047.342936601,0.15442036906063139
ESM10,212,84000,2010-05-05 23:20:00,165347.75,31106,10145,31106,15662,15444,1409047.342936601,0.15540024432585353
ESM10,213,6000,2010-05-06 01:40:00,207796.75,31106,6419,31106,15897,15209,1409047.342936601,0.1484215263936218
ESM10,214,7980,2010-05-06 02:13:00,121737.25,31106,9761,31106,16609,14497,1409047.342936601,0.14640519513920144
ESM10,215,9480,2010-05-06 02:38:00,49302.5,31106,11368,31106,16319,14787,1409047.342936601,0.14167170320838424
ESM10,216,11520,2010-05-06 03:12:00,-237725.25,31106,11277,31106,16867,14239,1409047.342936601,0.13710538159840546
ESM10,217,14100,2010-05-06 03:55:00,48413.25,31106,10097,31106,16266,14840,1409047.342936601,0.13701022310808203
ESM10,218,17640,2010-05-06 04:54:00,-443535.0,31106,9370,31106,16256,14850,1409047.342936601,0.13640969587860863
ESM10,219,21360,2010-05-06 05:56:00,30810.5,31106,8378,31106,16518,14588,1409047.342936601,0.13684433871278853
ESM10,220,23580,2010-05-06 06:33:00,277586.75,31106,10188,31106,16398,14708,1409047.342936601,0.13701408088471678
ESM10,221,24900,2010-05-06 06:55:00,58324.5,31106,9371,31106,16108,14998,1409047.342936601,0.13236931781649844
ESM10,222,26160,2010-05-06 07:16:00,419079.25,31106,7277,31106,16197,14909,1409047.342936601,0.13102681154761139
ESM10,223,27000,2010-05-06 07:30:00,995089.25,31106,8319,31106,17265,13841,1409047.342936601,0.13014981032598213
ESM10,224,27840,2010-05-06 07:44:00,987451.0,31106,9156,31106,16828,14278,1409047.342936601,0.1301716710602456
ESM10,225,28320,2010-05-06 07:52:00,141347.25,31106,6555,31106,16573,14533,1409047.342936601,0.13099852118562336
ESM10,226,28740,2010-05-06 07:59:00,556742.0,31106,8663,31106,16961,14145,1409047.342936601,0.12851668488394521
ESM10,227,29340,2010-05-06 08:09:00,-79197.75,31106,8449,31106,18256,12850,1409047.342936601,0.12866842409824472
ESM10,228,29820,2010-05-06 08:17:00,1028546.0,31106,7972,31106,16749,14357,1409047.342936601,0.12841509676589724
ESM10,229,30480,2010-05-06 08:28:00,-31066.75,31106,9339,31106,15769,15337,1409047.342936601,0.12828393236031635
ESM10,230,30720,2010-05-06 08:32:00,1736924.25,31106,9379,31106,18819,12287,1409047.342936601,0.12675753873850704
ESM10,231,30900,2010-05-06 08:35:00,1839216.0,31106,10393,31106,17279,13827,1409047.342936601,0.12845367453224457
ESM10,232,31080,2010-05-06 08:38:00,1611523.25,31106,11330,31106,18666,12440,1409047.342936601,0.12940654536102358
ESM10,233,31200,2010-05-06 08:40:00,1475014.25,31106,8539,31106,22466,8640,1409047.342936601,0.13256606442486979
ESM10,234,31320,2010-05-06 08:42:00,1134919.75,31106,8478,31106,14611,16495,1409047.342936601,0.13784993248890889
ESM10,235,31440,2010-05-06 08:44:00,553286.5,31106,9150,31106,18079,13027,1409047.342936601,0.13832958271716067
ESM10,236,31620,2010-05-06 08:47:00,-751639.5,31106,10247,31106,15208,15898,1409047.342936601,0.13646113290040507
ESM10,237,31860,2010-05-06 08:51:00,-329444.75,31106,11753,31106,13580,17526,1409047.342936601,0.13541181765575774
ESM10,238,32100,2010-05-06 08:55:00,-1216976.25,31106,8833,31106,14989,16117,1409047.342936601,0.13566000128592554
ESM10,239,32400,2010-05-06 09:00:00,246052.25,31106,9609,31106,19494,11612,1409047.342936601,0.13210055937761203
ESM10,240,32580,2010-05-06 09:03:00,869259.0,31106,9109,31106,17603,13503,1409047.342936601,0.13240918150839068
ESM10,241,32760,2010-05-06 09:06:00,-159955.75,31106,8892,31106,13584,17522,1409047.342936601,0.13495017038513471
ESM10,242,33180,2010-05-06 09:13:00,-721856.0,31106,10929,31106,16319,14787,1409047.342936601,0.13318845238860669
ESM10,243,33480,2010-05-06 09:18:00,869445.5,31106,9432,31106,18058,13048,1409047.342936601,0.13201440236610301
ESM10,244,33660,2010-05-06 09:21:00,1171771.0,31106,7966,31106,18480,12626,1409047.342936601,0.12993763261107183
ESM10,245,33900,2010-05-06 09:25:00,1592521.25,31106,8962,31106,17414,13692,1409047.342936601,0.13195267793994728
ESM10,246,34140,2010-05-06 09:29:00,760093.0,31106,9818,31106,13700,17406,1409047.342936601,0.13239117855076191
ESM10,247,34260,2010-05-06 09:31:00,306103.75,31106,7073,31106,21712,9394,1409047.342936601,0.13351250562592426
ESM10,248,34500,2010-05-06 09:35:00,-1929752.25,31106,8977,31106,15863,15243,1409047.342936601,0.13849289526136438
ESM10,249,34800,2010-05-06 09:40:00,-1722329.75,31106,8188,31106,14078,17028,1409047.342936601,0.13743457853790267
ESM10,250,35040,2010-05-06 09:44:00,1203094.0,31106,7440,31106,19542,11564,1409047.342936601,0.13694464090529157
ESM10,251,35160,2010-05-06 09:46:00,1776075.5,31106,8267,31106,19885,11221,1409047.342936601,0.13774320066868129
ESM10,252,35340,2010-05-06 09:49:00,-1113201.5,31106,10405,31106,12938,18168,1409047.342936601,0.14021474956600014
ESM10,253,35520,2010-05-06 09:52:00,-384439.75,31106,7943,31106,15623,15483,1409047.342936601,0.14018131550183244
ESM10,254,35700,2010-05-06 09:55:00,2375998.75,31106,9596,31106,21670,9436,1409047.342936601,0.14026747251334148
ESM10,255,35820,2010-05-06 09:57:00,288155.5,31106,9492,31106,11245,19861,1409047.342936601,0.14748280074583681
ESM10,256,36060,2010-05-06 10:01:00,-915838.5,31106,9943,31106,14881,16225,1409047.342936601,0.14637947662830322
ESM10,257,36180,2010-05-06 10:03:00,1209803.25,31106,7061,31106,18509,12597,1409047.342936601,0.14488265929402688
ESM10,258,36360,2010-05-06 10:06:00,-359270.75,31106,9398,31106,14847,16259,1409047.342936601,0.12912749951777791
ESM10,259,36600,2010-05-06 10:10:00,-1111645.75,31106,7773,31106,14674,16432,1409047.342936601,0.12197646756252813
ESM10,260,36780,2010-05-06 10:13:00,3920089.0,31106,12719,31106,21991,9115,1409047.342936601,0.11935446537645471
ESM10,261,36840,2010-05-06 10:14:00,-232193.0,31106,7531,31106,21067,10039,1409047.342936601,0.12676396836623161
ESM10,262,36960,2010-05-06 10:16:00,-1283832.0,31106,10711,31106,17045,14061,1409047.342936601,0.13286697100237896
ESM10,263,37080,2010-05-06 10:18:00,-1629285.75,31106,8915,31106,8968,22138,1409047.342936601,0.13464540603099082
ESM10,264,37200,2010-05-06 10:20:00,-540945.75,31106,6788,31106,14597,16509,1409047.342936601,0.14267086735678003
ESM10,265,37440,2010-05-06 10:24:00,-97742.75,31106,9280,31106,15788,15318,1409047.342936601,0.14254227480228895
ESM10,266,37560,2010-05-06 10:26:00,2743407.75,31106,6963,31106,23129,7977,1409047.342936601,0.14185944833794123
ESM10,267,37800,2010-05-06 10:30:00,-538446.75,31106,10094,31106,11158,19948,1409047.342936601,0.1499119141001736
ESM10,268,38100,2010-05-06 10:35:00,873508.25,31106,9354,31106,17130,13976,1409047.342936601,0.15464669195653571
ESM10,269,38400,2010-05-06 10:40:00,-817879.5,31106,9865,31106,17531,13575,1409047.342936601,0.15577059088278788
ESM10,270,38640,2010-05-06 10:44:00,-820673.25,31106,7636,31106,17242,13864,1409047.342936601,0.15707323345978269
ESM10,271,38820,2010-05-06 10:47:00,909623.5,31106,9734,31106,21878,9228,1409047.342936601,0.15815855461968753
ESM10,272,38880,2010-05-06 10:48:00,-629610.5,31106,6039,31106,19570,11536,1409047.342936601,0.16557834501382371
ESM10,273,39060,2010-05-06 10:51:00,-1218944.5,31106,9028,31106,11342,19764,1409047.342936601,0.16991577187680834
ESM10,274,39180,2010-05-06 10:53:00,-42178.0,31106,5768,31106,18900,12206,1409047.342936601,0.1731292998135408
ESM10,275,39420,2010-05-06 10:57:00,24326.25,31106,6824,31106,15022,16084,1409047.342936601,0.17579373754259628
ESM10,276,39660,2010-05-06 11:01:00,283274.0,31106,7765,31106,16477,14629,1409047.342936601,0.17516491995113484
ESM10,277,39900,2010-05-06 11:05:00,22398.75,31106,8479,31106,16219,14887,1409047.342936601,0.17454253198739794
ESM10,278,40260,2010-05-06 11:11:00,-199292.0,31106,8936,31106,16106,15000,1409047.342936601,0.17192310165241431
ESM10,279,40380,2010-05-06 11:13:00,1696132.5,31106,6689,31106,20665,10441,1409047.342936601,0.17109625152703659
ESM10,280,40680,2010-05-06 11:18:00,-190038.25,31106,10080,31106,13606,17500,1409047.342936601,0.17739214299492059
ESM10,281,40980,2010-05-06 11:23:00,-454322.5,31106,7195,31106,19027,12079,1409047.342936601,0.17569600720118306
ESM10,282,41340,2010-05-06 11:29:00,154825.0,31106,7252,31106,17171,13935,1409047.342936601,0.1779438050536874
ESM10,283,41820,2010-05-06 11:37:00,200279.0,31106,7900,31106,17934,13172,1409047.342936601,0.17602134636404551
ESM10,284,42300,2010-05-06 11:45:00,791973.25,31106,9479,31106,16244,14862,1409047.342936601,0.17019353179450911
ESM10,285,42540,2010-05-06 11:49:00,688065.5,31106,7728,31106,18150,12956,1409047.342936601,0.16987076448273644
ESM10,286,42900,2010-05-06 11:55:00,-741739.0,31106,8453,31106,17167,13939,1409047.342936601,0.16996206519642512
ESM10,287,43200,2010-05-06 12:00:00,1522925.25,31106,7439,31106,18360,12746,1409047.342936601,0.17159390471291713
ESM10,288,43740,2010-05-06 12:09:00,-643004.25,31106,10062,31106,15654,15452,1409047.342936601,0.17266636661737286
ESM10,289,44040,2010-05-06 12:14:00,755318.5,31106,8153,31106,18050,13056,1409047.342936601,0.17207098309007909
ESM10,290,44220,2010-05-06 12:17:00,1742536.5,31106,9528,31106,19334,11772,1409047.342936601,0.17021410660322767
ESM10,291,44400,2010-05-06 12:20:00,-878679.75,31106,7914,31106,15235,15871,1409047.342936601,0.17244004372146854
ESM10,292,44640,2010-05-06 12:24:00,1878589.25,31106,8690,31106,21995,9111,1409047.342936601,0.17031698064682055
ESM10,293,44760,2010-05-06 12:26:00,-344683.25,31106,6966,31106,15958,15148,1409047.342936601,0.1776158940397351
ESM10,294,45180,2010-05-06 12:33:00,-1175491.25,31106,8943,31106,14036,17070,1409047.342936601,0.17491545039542211
ESM10,295,45480,2010-05-06 12:38:00,1253188.0,31106,7670,31106,18616,12490,1409047.342936601,0.17310229537709768
ESM10,296,45660,2010-05-06 12:41:00,580023.25,31106,8459,31106,22484,8622,1409047.342936601,0.17464797788208064
ESM10,297,45900,2010-05-06 12:45:00,-2581499.75,31106,6140,31106,11063,20043,1409047.342936601,0.18117790779913842
ESM10,298,46380,2010-05-06 12:53:00,92803.5,31106,7945,31106,15977,15129,1409047.342936601,0.17903169806468205
ESM10,299,46560,2010-05-06 12:56:00,3554761.75,31106,7526,31106,24066,7040,1409047.342936601,0.1791782935768019
ESM10,300,46740,2010-05-06 12:59:00,-83655.5,31106,8799,31106,11710,19396,1409047.342936601,0.18822863756188515
ESM10,301,47040,2010-05-06 13:04:00,1651485.75,31106,9706,31106,16717,14389,1409047.342936601,0.18804089243232816
ESM10,302,47160,2010-05-06 13:06:00,2105725.75,31106,8033,31106,21332,9774,1409047.342936601,0.18396708030605027
ESM10,303,47280,2010-05-06 13:08:00,923789.0,31106,8271,31106,17538,13568,1409047.342936601,0.18803574873014853
ESM10,304,47340,2010-05-06 13:09:00,1424729.25,31106,6233,31106,21811,9295,1409047.342936601,0.19049829614865299
ESM10,305,47460,2010-05-06 13:11:00,5348336.5,31106,14440,31106,16842,14264,1409047.342936601,0.19067961165048544
ESM10,306,47460,2010-05-06 13:11:00,4189743.5,31106,7184,31106,31060,46,1409047.342936601,0.18679740243039927
ESM10,307,47580,2010-05-06 13:13:00,-596427.5,31106,14746,31106,2939,28167,1409047.342936601,0.20587410788915322
ESM10,308,47760,2010-05-06 13:16:00,-3091536.75,31106,9103,31106,10612,20494,1409047.342936601,0.21829357680190317
ESM10,309,47880,2010-05-06 13:18:00,3144679.75,31106,10690,31106,24536,6570,1409047.342936601,0.22373947148460105
ESM10,310,47940,2010-05-06 13:19:00,-1625411.0,31106,7386,31106,16544,14562,1409047.342936601,0.23416061210055938
ESM10,311,48000,2010-05-06 13:20:00,1992619.25,31106,9160,31106,29722,1384,1409047.342936601,0.22715617565742943
ESM10,312,48060,2010-05-06 13:21:00,5412693.25,31106,13970,31106,20923,10183,1409047.342936601,0.23828586124863371
ESM10,313,48120,2010-05-06 13:22:00,-1875980.0,31106,12322,31106,7620,23486,1409047.342936601,0.24327268051179837
ESM10,314,48240,2010-05-06 13:24:00,-2937115.5,31106,12904,31106,10472,20634,1409047.342936601,0.24500610814633833
ESM10,315,48360,2010-05-06 13:26:00,77606.0,31106,10509,31106,16145,14961,1409047.342936601,0.25031055101909599
ESM10,316,48480,2010-05-06 13:28:00,321876.0,31106,9423,31106,16988,14118,1409047.342936601,0.25076962643862921
ESM10,317,48600,2010-05-06 13:30:00,46945.5,31106,8918,31106,14560,16546,1409047.342936601,0.24287275766733107
ESM10,318,48720,2010-05-06 13:32:00,-453693.25,31106,7923,31106,14090,17016,1409047.342936601,0.23849803896354402
ESM10,319,48840,2010-05-06 13:34:00,1180749.5,31106,8871,31106,21230,9876,1409047.342936601,0.23835144345142417
ESM10,320,48900,2010-05-06 13:35:00,3741551.25,31106,9904,31106,28254,2852,1409047.342936601,0.24310808204204976
ESM10,321,48960,2010-05-06 13:36:00,1992017.75,31106,11693,31106,11696,19410,1409047.342936601,0.25726869414260917
ESM10,322,49020,2010-05-06 13:37:00,-782326.0,31106,11015,31106,18239,12867,1409047.342936601,0.25409502989776894
ESM10,323,49080,2010-05-06 13:38:00,970229.0,31106,11880,31106,20064,11042,1409047.342936601,0.25238346299749242
ESM10,324,49140,2010-05-06 13:39:00,1932915.0,31106,13627,31106,25795,5311,1409047.342936601,0.25276924066096573
ESM10,325,49200,2010-05-06 13:40:00,1743742.5,31106,15244,31106,20638,10468,1409047.342936601,0.26163569729312675
ESM10,326,49260,2010-05-06 13:41:00,-2125164.5,31106,13355,31106,11437,19669,1409047.342936601,0.26749180222465119
ESM10,327,49320,2010-05-06 13:42:00,298773.25,31106,13642,31106,14552,16554,1409047.342936601,0.27159647656400693
ESM10,328,49380,2010-05-06 13:43:00,7108354.5,31106,20153,31106,30422,684,1409047.342936601,0.27202726162155211
ESM10,329,49380,2010-05-06 13:43:00,4339485.75,31106,12076,31106,31073,33,1409047.342936601,0.29043657172249726
ESM10,330,49440,2010-05-06 13:44:00,6781771.25,31106,26501,31106,30873,233,1409047.342936601,0.30382048479393042
ESM10,331,49440,2010-05-06 13:44:00,2442285.5,31106,14425,31106,29814,1292,1409047.342936601,0.32101716710602457
ESM10,332,49440,2010-05-06 13:44:00,2442285.5,31106,14425,31106,29814,1292,1409047.342936601,0.33488844595897899
ESM10,333,49500,2010-05-06 13:45:00,1104029.75,31106,27901,31106,8468,22638,1409047.342936601,0.35114640262328811
ESM10,334,49500,2010-05-06 13:45:00,-1338255.75,31106,13476,31106,5322,25784,1409047.342936601,0.35719539638654924
ESM10,335,49560,2010-05-06 13:46:00,-8662631.75,31106,20101,31106,2607,28499,1409047.342936601,0.3694631260849997
ESM10,336,49560,2010-05-06 13:46:00,-7324376.0,31106,6625,31106,0,31106,1409047.342936601,0.38277116954928309
ESM10,337,49620,2010-05-06 13:47:00,-7614922.25,31106,12934,31106,12895,18211,1409047.342936601,0.4006956857197968
ESM10,338,49680,2010-05-06 13:48:00,921613.0,31106,13650,31106,18404,12702,1409047.342936601,0.40050408281360511
ESM10,339,49680,2010-05-06 13:48:00,1212159.25,31106,7341,31106,25045,6061,1409047.342936601,0.40404037806211018
ESM10,340,49740,2010-05-06 13:49:00,-702249.25,31106,12944,31106,7003,24103,1409047.342936601,0.4130354272487623
ESM10,341,49800,2010-05-06 13:50:00,-2838588.25,31106,10345,31106,4752,26354,1409047.342936601,0.4191680061724426
ESM10,342,49860,2010-05-06 13:51:00,2787883.75,31106,12803,31106,13553,17553,1409047.342936601,0.43264836365974413
ESM10,343,49860,2010-05-06 13:51:00,3712063.5,31106,8061,31106,30974,132,1409047.342936601,0.42693628238924969
ESM10,344,49920,2010-05-06 13:52:00,997948.5,31106,13640,31106,9522,21584,1409047.342936601,0.4462457403716325
ESM10,345,49980,2010-05-06 13:53:00,-1179589.5,31106,12497,31106,12568,18538,1409047.342936601,0.45205040828136051
ESM10,346,50040,2010-05-06 13:54:00,1053112.75,31106,13408,31106,25508,5598,1409047.342936601,0.45195010608885744
ESM10,347,50040,2010-05-06 13:54:00,-481412.75,31106,6490,31106,11394,19712,1409047.342936601,0.45583874493666815
ESM10,348,50160,2010-05-06 13:56:00,-2754236.5,31106,15429,31106,4961,26145,1409047.342936601,0.45541310358130266
ESM10,349,50220,2010-05-06 13:57:00,-861417.25,31106,8141,31106,12043,19063,1409047.342936601,0.46848839452195717
ESM10,350,50280,2010-05-06 13:58:00,630687.5,31106,8706,31106,19466,11640,1409047.342936601,0.46205490902076768
ESM10,351,50400,2010-05-06 14:00:00,2544022.75,31106,15729,31106,16950,14156,1409047.342936601,0.46214492380891148
ESM10,352,50460,2010-05-06 14:01:00,56831.75,31106,10786,31106,21049,10057,1409047.342936601,0.46244454446087574
ESM10,353,50520,2010-05-06 14:02:00,-2321155.0,31106,8670,31106,6781,24325,1409047.342936601,0.4620806275316659
ESM10,354,50640,2010-05-06 14:04:00,104858.0,31106,14234,31106,23181,7925,1409047.342936601,0.47080820420497654
ESM10,355,50700,2010-05-06 14:05:00,303898.25,31106,10578,31106,16605,14501,1409047.342936601,0.47256992220150451
ESM10,356,50760,2010-05-06 14:06:00,308832.0,31106,10840,31106,14728,16378,1409047.342936601,0.47226515784736062
ESM10,357,50880,2010-05-06 14:08:00,867365.75,31106,15675,31106,10199,20907,1409047.342936601,0.4533851989969781
ESM10,358,50940,2010-05-06 14:09:00,2869067.75,31106,13130,31106,27365,3741,1409047.342936601,0.4440493795409246
ESM10,359,51000,2010-05-06 14:10:00,-2972742.75,31106,10499,31106,11245,19861,1409047.342936601,0.45288497396000771
ESM10,360,51060,2010-05-06 14:11:00,-340490.75,31106,10228,31106,22185,8921,1409047.342936601,0.44687327203754901
ESM10,361,51240,2010-05-06 14:14:00,-2034398.5,31106,16734,31106,5659,25447,1409047.342936601,0.45412717803639169
ESM10,362,51360,2010-05-06 14:16:00,383246.0,31106,9351,31106,19261,11845,1409047.342936601,0.4486298463318974
ESM10,363,51480,2010-05-06 14:18:00,1443176.25,31106,12528,31106,20488,10618,1409047.342936601,0.44649263807625539
ESM10,364,51600,2010-05-06 14:20:00,1747903.0,31106,15420,31106,18155,12951,1409047.342936601,0.44263743329261235
ESM10,365,51660,2010-05-06 14:21:00,1551051.75,31106,11950,31106,22076,9030,1409047.342936601,0.43944962386677811
ESM10,366,51780,2010-05-06 14:23:00,-1629290.5,31106,14096,31106,12099,19007,1409047.342936601,0.44707644827364496
ESM10,367,51960,2010-05-06 14:26:00,1448616.5,31106,15096,31106,21305,9801,1409047.342936601,0.44967273194882018
ESM10,368,52080,2010-05-06 14:28:00,-2135128.25,31106,10555,31106,12918,18188,1409047.342936601,0.4557924516170514
ESM10,369,52200,2010-05-06 14:30:00,1581599.25,31106,11948,31106,23182,7924,1409047.342936601,0.45729955635568703
ESM10,370,52320,2010-05-06 14:32:00,-2279781.75,31106,11602,31106,8760,22346,1409047.342936601,0.45980968301935315
ESM10,371,52500,2010-05-06 14:35:00,136368.25,31106,12238,31106,16645,14461,1409047.342936601,0.45221243490001928
ESM10,372,52620,2010-05-06 14:37:00,1004919.5,31106,12158,31106,19884,11222,1409047.342936601,0.4486568507683405
ESM10,373,52800,2010-05-06 14:40:00,-1664675.25,31106,12083,31106,9381,21725,1409047.342936601,0.45077219828971904
ESM10,374,52920,2010-05-06 14:42:00,2132167.5,31106,10078,31106,18697,12409,1409047.342936601,0.45290812061981611
ESM10,375,52980,2010-05-06 14:43:00,-242492.25,31106,6651,31106,16716,14390,1409047.342936601,0.4437806211020382
ESM10,376,53160,2010-05-06 14:46:00,-970693.25,31106,11754,31106,19827,11279,1409047.342936601,0.43873722111489744
ESM10,377,53220,2010-05-06 14:47:00,-29801.0,31106,6614,31106,15444,15662,1409047.342936601,0.43894039735099338
ESM10,378,53280,2010-05-06 14:48:00,4843608.5,31106,10870,31106,29714,1392,1409047.342936601,0.43779335176493284
ESM10,379,53340,2010-05-06 14:49:00,4058791.25,31106,14434,31106,19166,11940,1409047.342936601,0.43688291647913585
ESM10,380,53400,2010-05-06 14:50:00,-3759099.5,31106,11125,31106,5939,25167,1409047.342936601,0.4215714010158812
ESM10,381,53520,2010-05-06 14:52:00,-4487463.25,31106,10460,31106,6006,25100,1409047.342936601,0.41423390985661929
ESM10,382,53640,2010-05-06 14:54:00,-343527.75,31106,8568,31106,14925,16181,1409047.342936601,0.40817205683790908
ESM10,383,53760,2010-05-06 14:56:00,2583488.0,31106,10579,31106,22398,8708,1409047.342936601,0.39064103388413812
ESM10,384,53820,2010-05-06 14:57:00,1549250.5,31106,8989,31106,15001,16105,1409047.342936601,0.39033241175335948
ESM10,385,53940,2010-05-06 14:59:00,2003424.25,31106,13657,31106,13557,17549,1409047.342936601,0.3778859384041664
ESM10,386,53940,2010-05-06 14:59:00,4317405.75,31106,6714,31106,31072,34,1409047.342936601,0.36380505368739152
ESM10,387,54000,2010-05-06 15:00:00,3633650.25,31106,12826,31106,19896,11210,1409047.342936601,0.36376133221886453
ESM10,388,54060,2010-05-06 15:01:00,-3004707.0,31106,10167,31106,6849,24257,1409047.342936601,0.36592811676203946
ESM10,389,54120,2010-05-06 15:02:00,-3682713.5,31106,6894,31106,3552,27554,1409047.342936601,0.37345463897640324
ESM10,390,54360,2010-05-06 15:06:00,-2813836.0,31106,9031,31106,10457,20649,1409047.342936601,0.37668102616858484
ESM10,391,54600,2010-05-06 15:10:00,409765.5,31106,6821,31106,15931,15175,1409047.342936601,0.37223943933646242
ESM10,392,55740,2010-05-06 15:29:00,-1096551.25,31106,6121,31106,16615,14491,1409047.342936601,0.35883623738185561
ESM10,393,58860,2010-05-06 16:21:00,178038.75,31106,7235,31106,16053,15053,1409047.342936601,0.35763003922072911
ESM10,394,67380,2010-05-06 18:43:00,119556.75,31106,8451,31106,15889,15217,1409047.342936601,0.33844274416511283
ESM10,395,71760,2010-05-06 19:56:00,11700.25,31106,10000,31106,16338,14768,1409047.342936601,0.33111939818684499
ESM10,396,77880,2010-05-06 21:38:00,180783.25,31106,9886,31106,16249,14857,1409047.342936601,0.3282903619880409
